aid,address,address2,city,province,country,postal_code,phone,name,email,password
9661010730,197 Kennedy Circle,Apt 668,Luleå,Norrbotten,SE,973 23,459-827-4364,Fredia Bloore,fbloore0@surveymonkey.com,OMBNyNSedFJ
8302284386,5 Hoepker Drive,PO Box 5670,Outokumpu,,FI,83501,104-335-3389,Brennan Lemary,blemary1@tinyurl.com,iwKA16F
5101345334,438 Golf Lane,PO Box 29580,Huanshan,,CN,,842-881-9461,Vinni Bianco,vbianco2@tuttocitta.it,A3CyGIz
1195922329,772 Maywood Point,Apt 988,Nanxindian,,CN,,415-498-9630,Daria Prattin,dprattin3@mapy.cz,3KBWzxax
7532060942,939 Tony Road,3rd Floor,Mehar,,PK,76330,159-784-8366,Elaina Ruckert,eruckert4@feedburner.com,fkNTDmWGTv5
6708192985,15399 Muir Way,PO Box 51485,København,Region Hovedstaden,DK,1360,356-434-0754,Thadeus Bucham,tbucham5@shareasale.com,512oy996y
4116697672,7258 Sage Way,Apt 1490,Březová nad Svitavou,,CZ,569 02,697-401-6521,Izzy Acum,iacum6@loc.gov,Sudafs9x1jY
6649225193,81968 Mariners Cove Park,8th Floor,Āshtīān,,IR,,984-742-1034,Lon Grabban,lgrabban7@free.fr,r6sxCmk
2698405848,71 Shasta Terrace,PO Box 52356,Đưc Trọng,,VN,,624-365-1398,Hamid Pring,hpring8@oracle.com,XP8BiV
9359434205,65 Dennis Terrace,Apt 193,Sambirejo,,ID,,933-353-0651,Ermengarde Gullick,egullick9@exblog.jp,AHxaFtrOy
5688024577,77 Meadow Valley Place,Suite 94,Loma Bonita,Mexico,MX,52740,324-920-5491,Gearalt Heape,gheapea@yellowbook.com,1X8cBo
7610223905,4 Rutledge Road,Apt 1815,Aitape,,PG,,657-394-2387,Quinta Dillway,qdillwayb@cbsnews.com,QDg3c7pT5MQ
6733566257,97605 Vidon Way,PO Box 28396,Agboville,,CI,,783-694-4753,Anet de Mullett,adec@hao123.com,X0A8o5rwpv
8225044932,03583 Forest Run Place,Suite 25,Hualian,,TW,,245-978-2988,Deni Degue,ddegued@indiatimes.com,RmaQhApP6BtB
8822925335,59 Oriole Pass,Room 1047,Tashtagol,,RU,652993,414-545-1503,Vivi Camel,vcamele@cornell.edu,hkNVTej9yxP
1782198083,2745 Hansons Drive,PO Box 76352,Nam Phong,,TH,40140,407-728-5122,Ailis Stener,astenerf@ameblo.jp,Qs2Cd3Z8i
9822419147,5 Hintze Hill,PO Box 98378,Mojokerto,,ID,,644-124-1422,Christoph Eburne,ceburneg@blogger.com,q29M4mX7
8058426326,6738 Carberry Road,Room 1075,Białobrzegi,,PL,37-114,403-534-8875,Valaree Pattesall,vpattesallh@google.pl,MCXhf7m
7708572770,0271 Shelley Plaza,PO Box 29750,Taishang,,CN,,953-561-6211,Farrell Fogt,ffogti@ted.com,w4HBpzBWBMw
4122700000,69417 Union Pass,PO Box 70519,Santo Antônio de Jesus,,BR,44570-000,647-157-0430,Emera Toopin,etoopinj@clickbank.net,6zlmtQawkK
2677913089,88267 American Terrace,Apt 485,Santa Cruz,,VE,,530-576-0048,Kylie Bleby,kblebyk@unesco.org,pHFM2md
6257279739,02 Dixon Way,Apt 365,Bamiantong,,CN,,862-452-3292,Gerty Dorward,gdorwardl@mozilla.org,JwlC8ClST
3902472863,0015 Golf View Plaza,Suite 23,Isla,,PH,4337,661-953-8327,Annecorinne Mabbs,amabbsm@ezinearticles.com,K2kIWx
7804227884,80 Forest Park,Room 508,Arbois,Franche-Comté,FR,39605 CEDEX,326-582-5430,Lena Corness,lcornessn@google.fr,Ci8FVZS
3810930695,57 Almo Street,Room 1532,Alfeizerão,Leiria,PT,2460-105,975-780-3573,Ikey Franciottoi,ifranciottoio@wsj.com,rn18DtVho
5869812976,5034 Weeping Birch Junction,Room 1667,Maştağa,,AZ,,204-653-8842,Donnell Lere,dlerep@eventbrite.com,iiv33NzSVf
9979546557,1134 Amoth Court,Apt 461,Datuan,,CN,,450-143-9949,Carl Klauber,cklauberq@sogou.com,XZdWnnII
1668455641,55692 Gerald Alley,6th Floor,Chervonoarmiys’k,,UA,,577-442-5642,Chevy Duthy,cduthyr@mac.com,NrRKv0Q0udT6
2001697384,89 Mosinee Parkway,PO Box 26206,Fīrūzābād,,IR,,763-366-0776,Lyndell Gristhwaite,lgristhwaites@uol.com.br,AP6fb2X7
8531750644,0238 Green Ridge Terrace,Suite 96,Novyy Urengoy,,RU,629309,908-471-4420,Dieter Smiz,dsmizt@upenn.edu,ibkaVmeJRucx
4224144506,132 West Way,11th Floor,Nāḩiyat as Sab‘ Biyār,,SY,,960-437-9841,Cathrine Kemet,ckemetu@diigo.com,nf5qej3si74
8256983302,013 Fordem Way,Apt 13,Yoshikawa,,JP,990-0711,954-181-4987,Mischa Nolder,mnolderv@issuu.com,1LZarfC4
7187785828,4 Jenifer Pass,PO Box 27080,Baliton,,PH,3102,804-258-3847,Tessy McIlwraith,tmcilwraithw@elegantthemes.com,YFN4fJZ
8980068433,8956 Hazelcrest Court,17th Floor,Tân Hưng,,VN,,318-151-9240,Rebecca Wabersich,rwabersichx@walmart.com,2SebnNujgN
9569300639,40225 Hansons Street,Room 232,Azacualpa,,HN,,919-763-5365,Denise Jantot,djantoty@examiner.com,nnLpJ34x5
4124626282,3505 Prentice Pass,Apt 378,Vrbovec,,CZ,671 24,900-148-0474,Barnaby Kleszinski,bkleszinskiz@walmart.com,uwzpYmofRH5
7220506937,7571 Arizona Hill,20th Floor,Gabi,,PH,2621,583-934-8338,Sherry McGinny,smcginny10@soundcloud.com,Hni3O3Jn
8951587452,7 Melby Way,PO Box 61086,Araal,,PH,6117,462-452-3019,Caesar Kilsby,ckilsby11@goodreads.com,sY7P5azd
3707350649,06287 Merry Avenue,15th Floor,Świętajno,,PL,19-411,611-989-4303,Glynn Micka,gmicka12@amazon.co.jp,OY1mB3fz
7760599226,75419 Briar Crest Lane,Apt 1080,Halmstad,Halland,SE,302 55,604-616-0583,Frasier Johnikin,fjohnikin13@wp.com,CqWhKXONH1
4576007785,525 2nd Park,17th Floor,Mengmeng,,CN,,179-377-8228,Myra Conrard,mconrard14@forbes.com,dFMSsM6Y
5418202634,91636 Linden Court,PO Box 27428,Hồ Xá,,VN,,687-195-2571,Marten Eley,meley15@wikia.com,cWABk0W5
9937882354,512 Messerschmidt Drive,Room 1725,Água Preta,,BR,55550-000,245-101-4610,Bryanty Rosenfarb,brosenfarb16@forbes.com,mmRzj20
0270038876,815 Helena Plaza,Suite 91,Tlogosari,,ID,,265-531-1789,Barde Sedgmond,bsedgmond17@wsj.com,Gzg3YwPio
2826142674,26701 Farragut Center,Room 364,Hispania,,CO,056457,192-876-8784,Ransom Slaight,rslaight18@trellian.com,2a50Lk
2295391075,9822 Dixon Street,PO Box 555,Khujirt,,MN,,437-496-0339,Kori McGuane,kmcguane19@flickr.com,iHrsDxnMOsX
9467326892,703 Algoma Point,PO Box 15815,Uppsala,Uppsala,SE,754 48,126-818-6506,Jock Radborn,jradborn1a@java.com,rHZ7HdImQl
0902324233,970 Scott Alley,Suite 92,Fyllingsdalen,Hordaland,NO,5145,877-195-8572,Krista Comford,kcomford1b@people.com.cn,PjqbXRG490X
3836662817,3933 Jay Avenue,PO Box 81979,Aguas Verdes,,PE,,503-773-0903,Timmy Renish,trenish1c@time.com,AjOd2J8
1438605048,896 Lillian Pass,Room 1477,Krajan Siki,,ID,,404-371-4775,Tabitha Chesnut,tchesnut1d@google.cn,8dtsqSek
2973550858,51330 Anhalt Way,Suite 8,Quimper,Bretagne,FR,29551 CEDEX 9,532-630-9982,Sunshine Battle,sbattle1e@who.int,4Y42rwr2y
3843251649,0 Crownhardt Place,5th Floor,Asamankese,,GH,,496-142-0519,Giordano Paynter,gpaynter1f@blogspot.com,3DOhEvNcl
3304033629,3002 Lyons Alley,Suite 28,Hüremt,,MN,,103-192-4807,Martie Gobeaux,mgobeaux1g@zdnet.com,Qf7CPPr
3395119068,61 Fulton Lane,12th Floor,Governador Valadares,,BR,35000-000,401-720-2243,Bernadina Fortoun,bfortoun1h@china.com.cn,WIndHv
7676405831,753 Leroy Center,13th Floor,Tomingad,,PH,5505,193-568-5827,Bartel Batiste,bbatiste1i@paginegialle.it,v22ZGd
8743640249,1999 Superior Junction,PO Box 95869,Kampungbaru,,ID,,834-617-5353,Siusan Futter,sfutter1j@dropbox.com,krrc1K
2326753445,42 Cottonwood Center,Room 1064,Wojsławice,,PL,22-120,867-904-9497,Mag Thominga,mthominga1k@berkeley.edu,I6UWPDjPcC
9569156309,4 Golden Leaf Point,Apt 771,Velenje,,SI,3504,566-766-9210,Chickie McWhinnie,cmcwhinnie1l@ning.com,Q4ROd0o
3248059036,489 Crescent Oaks Place,13th Floor,Marseille,Provence-Alpes-Côte d'Azur,FR,13425 CEDEX 12,663-767-4167,Sibbie Oven,soven1m@usda.gov,urlyZoej
8481126039,7 Larry Center,Apt 440,Mŭynoq,,UZ,,323-274-9736,Wallie Aldine,waldine1n@omniture.com,Ag0T6U
4697200969,12 Rusk Center,5th Floor,Caminaca,,PE,,227-174-7885,Dick Motton,dmotton1o@google.ru,VMolCSyYK
1948558939,9 Columbus Road,Suite 93,Arroteia,Viana do Castelo,PT,4940-342,330-235-7144,Gregory Guidone,gguidone1p@cbsnews.com,egl8IKni
8299704243,2 Shoshone Point,Room 1452,Sumuran,,ID,,379-444-0910,Mella Conn,mconn1q@howstuffworks.com,XFOxZP3GJhhy
2636281282,9458 Bluejay Pass,PO Box 24236,General Alvear,,AR,3361,600-503-8228,Addy Yeatman,ayeatman1r@edublogs.org,WIBUSVYcpujs
1139427768,8 Bonner Parkway,Apt 412,Padre Burgos,,PH,6602,277-842-7381,Caprice Jurewicz,cjurewicz1s@reddit.com,xsSjzcFd
9337756293,35585 Declaration Way,Room 728,Ternate,,PH,4111,378-841-2812,Artus Vallery,avallery1t@walmart.com,BwAWFDVN0
7661995166,9005 Del Sol Circle,PO Box 30827,Yunguyo,,PE,,283-807-9289,Bendix Sprulls,bsprulls1u@ask.com,aqWdNU9UmH
9755401210,986 Onsgard Hill,PO Box 51560,Sinamaica,,VE,,688-849-0016,King Bulfoot,kbulfoot1v@eepurl.com,37a0OBcm8ehr
8053921213,85225 Commercial Place,Apt 970,Umeå,Västerbotten,SE,905 92,842-889-4886,Sonnie Hatwell,shatwell1w@slate.com,6Nq3n8I
6642110846,126 Amoth Way,Room 890,Azun Atme,,PS,,747-254-2211,Dareen Inger,dinger1x@shop-pro.jp,VqLXYO
6239601136,8255 Hoepker Court,Apt 1060,Karaundi,,PK,30001,198-893-2939,Sydel Stener,sstener1y@upenn.edu,Ce8WcKtvULr
1462973299,28 Bellgrove Court,Suite 46,Ronggui,,CN,,173-728-7806,Elsinore Hegg,ehegg1z@twitpic.com,d5Fl409
7303495649,724 Darwin Pass,Apt 946,Cuntan,,CN,,423-134-2072,Henderson Morford,hmorford20@google.nl,Q29l8Ht5g
2062971915,0 Oak Valley Street,Apt 1724,Santa Cruz Muluá,,GT,11006,278-597-4813,Stephani Kilfedder,skilfedder21@house.gov,jWsMYT
2323209825,0114 Lakeland Terrace,Apt 976,Independencia,Puebla,MX,75780,953-791-9505,Elinor Jorden,ejorden22@i2i.jp,mkkANema5
8392129288,512 Shelley Crossing,PO Box 17110,Šmartno pri Litiji,,SI,1275,366-305-9959,Nicolette Ambrogiotti,nambrogiotti23@desdev.cn,qjFuSxq
6418487982,63086 Paget Junction,PO Box 69210,Misheronskiy,,RU,140722,434-237-0592,Genni Cluckie,gcluckie24@marriott.com,qxwp9bIl
1861554648,2598 Lakeland Point,Room 442,Changpo,,CN,,111-472-2811,Tomkin Mixworthy,tmixworthy25@pinterest.com,1gdeuTT
8966328334,912 Rowland Plaza,PO Box 5874,Skopje,,MK,1040,202-320-2110,Anna-diana Tafani,atafani26@epa.gov,VDYecQrqHlr
3515645047,9 Karstens Court,12th Floor,Lisewo Malborskie,,PL,83-110,233-988-5649,Bryce Dudin,bdudin27@huffingtonpost.com,RE2pdYc
3897172720,697 2nd Pass,PO Box 50524,Chervonopartyzans’k,,UA,,750-162-1512,Muhammad Smails,msmails28@google.es,j9pWnWJhJa
3251388711,0 Garrison Avenue,Apt 1466,Góra,,PL,56-200,278-540-0357,Rosalynd Withur,rwithur29@yahoo.co.jp,lc6Q5WYls4V
9296116201,2 Bay Point,Apt 1416,Koch'ang,,KR,,153-729-0561,Rockey Gerdes,rgerdes2a@typepad.com,5TampejqD4IU
1496009320,03828 Barby Drive,Apt 756,Chernivtsi,,UA,,469-564-7465,Rahel Tomashov,rtomashov2b@surveymonkey.com,LjqscJpQQ07U
5834087949,691 Anthes Terrace,PO Box 61802,Diego de Almagro,,CL,,348-917-1060,Corny Dawidman,cdawidman2c@nbcnews.com,6nXPT3
3458985573,6 Pawling Junction,PO Box 29521,Daba,,CN,,735-461-7665,Kitti Cartmer,kcartmer2d@jimdo.com,Iaq3qXBt29r
7730871130,3321 Village Center,Apt 1807,Changsha,,CN,,262-761-9289,Sharity Finnimore,sfinnimore2e@netscape.com,lN3rEoDfFyt
6162266370,19 Westridge Way,PO Box 20976,Rožaje,,ME,,229-605-3074,Veronika Manna,vmanna2f@smugmug.com,mRK5i8iIa
3628569826,8 Corscot Road,PO Box 58395,Santa Cruz,,BR,56215-000,443-986-2852,Delores Sollowaye,dsollowaye2g@webs.com,mTst2F
2448681848,8 Comanche Street,Apt 527,Oslo,Oslo,NO,0477,263-371-9894,Ingram Connikie,iconnikie2h@odnoklassniki.ru,Jgn9Ms
4560855005,3 Algoma Point,Room 1955,Nūbā,,PS,,882-619-9980,Freeland Kennerknecht,fkennerknecht2i@about.com,mfq4NQHmyJBN
4320912640,88 Monument Court,18th Floor,Przyborów,,PL,60-116,304-566-7043,Frances Bugg,fbugg2j@xrea.com,VO83739tbp7
4149263140,996 Nevada Point,PO Box 37979,Kaduluhur,,ID,,951-174-7991,Alford Harriskine,aharriskine2k@etsy.com,nR8SPb8Bm1
8114616989,27 New Castle Junction,15th Floor,Baie-D'Urfé,Québec,CA,H9X,815-319-1147,Arie Pobjay,apobjay2l@arizona.edu,r8cWSPsahn
6584721213,16 Delaware Lane,PO Box 86214,Pljevlja,,ME,,209-590-7207,Sophia Harford,sharford2m@mapy.cz,haHiKymWHX
8650379826,23775 Trailsway Way,Room 666,Jiulian,,CN,,150-636-9736,Viviene Guare,vguare2n@tripod.com,Nqe8EFjX4Lf
0938642588,151 Waywood Crossing,Suite 100,Preserje pri Radomljah,,SI,1241,454-667-3700,Maia Von Gladbach,mvon2o@imdb.com,r6N4yDWaYN
5880262677,8396 Brown Crossing,Suite 39,Hoboksar,,CN,,108-986-2756,Layla Swatheridge,lswatheridge2p@wsj.com,vVRiNiO2K2
8481409790,75 Melrose Circle,11th Floor,Ust’-Ilimsk,,RU,666679,185-249-6601,Hakeem Boraston,hboraston2q@desdev.cn,MsLCmDQHJ
9034292738,0 Cottonwood Road,PO Box 95418,Accha,,PE,,484-288-2699,Maire Lornsen,mlornsen2r@businessinsider.com,vKL93T2w2Gs
2624066721,41 Hovde Court,Room 1096,Nirasaki,,JP,407-0176,131-804-9080,Galven Najara,gnajara2s@hexun.com,zSPXuk1krx
1069825816,27224 Rowland Court,PO Box 6064,Qŭrghonteppa,,TJ,,827-711-1666,Nickolaus Bonnick,nbonnick2t@google.com.br,l0lVfxMG
5227485178,52 Magdeline Parkway,8th Floor,Sueyoshichō-ninokata,,JP,899-8607,122-810-4917,Felike Lindstrom,flindstrom2u@php.net,sM4nmsh
4752361086,37929 Golf Course Parkway,Room 369,Lage,Viana do Castelo,PT,4960-160,950-349-5340,Gun Fullilove,gfullilove2v@yale.edu,RhHvMMcBC
6684421130,1561 8th Street,Room 916,Laç,,AL,,686-626-6611,Cherry Delagua,cdelagua2w@live.com,U3qJ5W2icrPq
6143522332,580 Kingsford Avenue,Room 684,Masallātah,,LY,,438-170-3431,Daffie Nasey,dnasey2x@netscape.com,tUZyq6E
1624378447,12532 Mccormick Drive,Apt 167,Topchikha,,RU,659070,717-244-4541,Isa Trobridge,itrobridge2y@marriott.com,5FQ1vLw
1780806965,7 Messerschmidt Park,1st Floor,Palmitas,,UY,,732-405-0675,Cyrillus Stringer,cstringer2z@github.io,kMkWKsBG
1034734083,137 Schurz Plaza,Suite 96,Kintinku,,TZ,,561-967-6896,Dode Pflieger,dpflieger30@constantcontact.com,htkZ6Qd
5335721189,237 Pond Street,Apt 848,Pexiligais,Lisboa,PT,2725-619,516-778-8690,Hana Kauschke,hkauschke31@google.pl,kdBsX9MIwQw
0494673362,00 Waubesa Point,Apt 1886,Vilar do Pinheiro,Porto,PT,4485-824,229-100-3756,Valerie Tatersale,vtatersale32@disqus.com,7bVaJt9F3hAw
9911814572,42402 Stoughton Crossing,8th Floor,Jiangdong,,CN,,772-978-0721,Raeann Padgham,rpadgham33@ifeng.com,uVXiEgJJ2zZ
5979209565,533 Doe Crossing Road,Apt 389,Dayuan,,CN,,177-130-5108,Kasey Caplis,kcaplis34@acquirethisname.com,lKdnJH6ulr2f
9828855860,3 Hoard Center,Suite 94,Palermo,,CO,412008,748-171-1719,Fidela Beavers,fbeavers35@biblegateway.com,WRmW0baRrgV3
1899771476,44 Loeprich Street,PO Box 60433,Fizuli,,AZ,,602-948-1399,Eziechiele Brendeke,ebrendeke36@simplemachines.org,Uc29xQQw
7691429061,76875 Ridge Oak Park,PO Box 59620,Kungshamn,Västra Götaland,SE,456 42,737-549-5852,Tymothy Tourner,ttourner37@edublogs.org,GIiFwvBMd
5416624205,37116 3rd Pass,Apt 919,Daohe,,CN,,781-330-1674,Christos Newell,cnewell38@fema.gov,pyGu83F8sP
8176833053,41 Clarendon Drive,Suite 19,Wojciechów,,PL,24-204,561-695-3155,Scot Cornwall,scornwall39@shinystat.com,hxbsfFxMp
6363601266,146 John Wall Trail,Room 565,Agía Triáda,,GR,,959-301-5181,Jodee Windus,jwindus3a@pcworld.com,PP7B86Hjg
7717333260,522 Bashford Plaza,6th Floor,Curití,,CO,684039,129-463-5036,Fritz Gallego,fgallego3b@geocities.jp,s5IjfMv3Q
2639752618,50335 Dryden Circle,Room 1530,Vilares,Porto,PT,4745-358,557-419-0980,Velma Deplacido,vdeplacido3c@adobe.com,8G6JZ7
0985047798,5 Iowa Drive,PO Box 71510,Dondo,,MZ,,111-657-4316,Merridie Casale,mcasale3d@princeton.edu,veob98XjJv
1524461229,3751 Hoepker Plaza,12th Floor,Ballinteer,,IE,D6W,149-728-0933,Llywellyn Muscat,lmuscat3e@aol.com,NWviO7dJIIA
7693766928,5 Stone Corner Street,PO Box 65577,Twante,,MM,,495-725-0133,Dru Benoiton,dbenoiton3f@parallels.com,mAGzo8Hj2R
2833005997,2003 Farragut Road,Room 1991,El Pao,,VE,,992-635-6358,Hurleigh Diter,hditer3g@plala.or.jp,nzNm2vcgV
2760338878,3248 Debs Place,PO Box 91748,Arrepiado,Santarém,PT,2140-605,528-452-0297,Maxine Tersay,mtersay3h@blog.com,sufJej
5690388270,0 Birchwood Parkway,PO Box 14504,Särö,Halland,SE,429 42,458-123-4391,Donica Camelia,dcamelia3i@hp.com,n72XWL76I8A
7474592657,040 Sachtjen Park,6th Floor,Zhukovskiy,,RU,142143,613-908-6286,Maddalena Keirle,mkeirle3j@cnet.com,YRfbc5W1Lzh
0053667603,2 Summerview Court,PO Box 64097,Paris 02,Île-de-France,FR,75080 CEDEX 02,718-960-1099,Christabel Sonier,csonier3k@miitbeian.gov.cn,1ncsgkV
7763199954,953 Veith Plaza,PO Box 84645,Estela,Porto,PT,4570-198,898-296-6507,Joaquin Corhard,jcorhard3l@webmd.com,7DvSICmZHLbt
5959016850,28 Almo Plaza,PO Box 14312,Barcarena,,BR,68445-000,179-840-1387,Maddie Bodell,mbodell3m@ifeng.com,mRyjFwDS
6051421076,08 Jenna Place,Room 325,Repentigny,Québec,CA,J6V,985-472-5351,Hyacinthe Syme,hsyme3n@census.gov,iPqqjHk3QDjL
9853620405,663 Quincy Road,PO Box 16725,Tabuating,,PH,1279,643-542-4119,Michail Bourtoumieux,mbourtoumieux3o@sohu.com,l0lq9h3
7683017701,35994 Fair Oaks Way,Room 136,Pereiro,Viana do Castelo,PT,4950-840,400-267-4452,Elia Rawstorn,erawstorn3p@washington.edu,rwgeYCN8d
1506578586,5995 Daystar Way,PO Box 96821,Haligue,,PH,1307,978-911-0565,Cassie Halfhide,chalfhide3q@nih.gov,Cnv1v42Eg
1113842970,5504 3rd Junction,Room 1896,Qā’en,,IR,,631-760-4011,Anetta Rolfs,arolfs3r@gravatar.com,3fpXKB11
8166329395,9223 Vahlen Avenue,PO Box 79008,Tyoply Stan,,RU,391237,284-709-7572,Hadrian Threadgall,hthreadgall3s@google.cn,V5sRLkw
5044220981,59 Pepper Wood Plaza,Apt 1905,Bandar Pusat Jengka,Pahang,MY,26485,500-578-5682,Merrill Meletti,mmeletti3t@1688.com,yFQXVB
2226355065,15764 Manufacturers Avenue,6th Floor,Tudela,,PH,7202,475-347-9401,Salaidh Gumbley,sgumbley3u@edublogs.org,DCvijzjJX
3810863939,28 Anniversary Avenue,Apt 1618,Černovice,,CZ,618 00,370-717-4990,Barbe Kedward,bkedward3v@webmd.com,t0Mxp6
6429283348,6796 Almo Alley,PO Box 56308,Severomorsk,,RU,663853,238-879-0324,Nomi Alexsandrovich,nalexsandrovich3w@friendfeed.com,rzWmAhF7KVE
4662472008,344 Brentwood Pass,17th Floor,Conner,,PH,3807,213-715-8445,Paula Denison,pdenison3x@springer.com,hDahazSJc3zS
5951730007,99 Cardinal Hill,Apt 1879,Samamiya,,NG,,832-213-2953,Eberhard Skyppe,eskyppe3y@berkeley.edu,QjBJSnU
1233147307,309 Rockefeller Center,8th Floor,Longsheng,,CN,,255-317-7521,Tracy Antonietti,tantonietti3z@indiatimes.com,HRVw9pXxc
5958776517,9 Warner Alley,Suite 28,Banaba,,PH,4224,248-590-5989,Kacie Arlett,karlett40@nasa.gov,Csk1SW5bkU98
8367913981,59 David Crossing,Room 1978,Pećigrad,,BA,,951-817-4798,Imelda Bynert,ibynert41@archive.org,7wYgssKaZ
2697212582,70755 Vernon Parkway,Room 641,Guanzhuang,,CN,,166-424-5024,Lilyan Vergine,lvergine42@issuu.com,Diju9KtIJFTJ
2571151371,458 Westport Lane,Apt 116,Jabon,,ID,,911-790-0450,Joscelin Metheringham,jmetheringham43@yahoo.co.jp,C0xeUHZU
6514286321,362 Utah Avenue,2nd Floor,Gradec,,MK,1236,305-417-8147,Else Estoile,eestoile44@1und1.de,bJ8bqfyK
7118037818,6079 Burning Wood Plaza,17th Floor,Lebane,,RS,,434-614-7711,Lu Nijssen,lnijssen45@nymag.com,VEAtaen
9885140824,2 Cottonwood Drive,PO Box 29966,Cicuco,,CO,132557,726-663-2204,Tracie Dyet,tdyet46@vk.com,ii6oeDdGf
1701955202,63625 Monument Park,PO Box 29775,Tanahwulan,,ID,,475-995-0551,Novelia Rudloff,nrudloff47@csmonitor.com,qA9kx2nTs
5613048762,5 Kedzie Center,Suite 28,L'Île-Perrot,Québec,CA,H9X,533-511-7976,Sheffie Wildin,swildin48@artisteer.com,aqEKqnBA
8163324805,901 Cherokee Street,Suite 45,København,Region Hovedstaden,DK,1167,853-528-0435,Caz Moxley,cmoxley49@seesaa.net,arahqvlso0
8175878134,9641 Mesta Park,18th Floor,Denver,Colorado,US,80243,303-694-9707,Diahann Turbern,dturbern4a@nyu.edu,6QpNvTLiMv
7566323865,0 Dahle Way,Apt 1841,Takahata,,JP,992-0351,114-211-8299,Mirabelle Krysztofiak,mkrysztofiak4b@friendfeed.com,LW2qYHEYYd
7195764532,4 Sutteridge Place,Room 1919,Minyue,,CN,,879-549-1582,Llewellyn Floweth,lfloweth4c@bloomberg.com,0SWBVsdzJKSR
1123752109,9117 Meadow Valley Plaza,5th Floor,Göteborg,Västra Götaland,SE,412 20,512-592-9315,Leilah Bartell,lbartell4d@wikimedia.org,LCHwYB
8837494114,7 Victoria Plaza,Suite 23,Huanggong,,CN,,951-527-5177,Michal Zannetti,mzannetti4e@bloomberg.com,PPRmXjzE7J
9368401853,6816 Kings Center,Apt 1059,Las Piñas,,PH,1752,264-947-5250,Hollyanne West,hwest4f@wikipedia.org,tqEq2jG
5153196070,3 Fulton Terrace,Apt 1667,Sertânia,,BR,56600-000,857-778-4598,Gabby Morit,gmorit4g@theatlantic.com,a9UWrZt9v
2855450268,17 Homewood Road,PO Box 73523,Oslomej,,MK,6254,429-216-8234,Brocky Boomes,bboomes4h@plala.or.jp,mZ4EqUW
2483859437,27 Utah Street,PO Box 91542,Malaḩ,,SY,,895-225-2956,Abbott Ffrench,affrench4i@ycombinator.com,L3Tsl1
0427496977,1170 Hallows Circle,Apt 1339,Wutongkou,,CN,,430-768-6420,Janel Robertacci,jrobertacci4j@nifty.com,WPRJpZf4
4862241719,3 Heath Court,Suite 56,Cilaja,,ID,,379-160-9218,Lisle Blaszkiewicz,lblaszkiewicz4k@eepurl.com,ne94jbd
6765615261,644 Northport Terrace,Room 1450,Pelabuhanratu,,ID,,645-272-6244,Reta Stillman,rstillman4l@businessinsider.com,E1MpXGdaqK
8672201655,6 Northwestern Street,Room 861,Puget-sur-Argens,Provence-Alpes-Côte d'Azur,FR,83484 CEDEX,972-420-9271,Fabian Barenskie,fbarenskie4m@naver.com,gp9BdzCMeTN
4846941442,11 Golden Leaf Center,Suite 29,Taiyang,,CN,,160-305-4649,Yorgos Iannini,yiannini4n@livejournal.com,LnQFhnIq8Tn
7107158988,6 Tony Street,Apt 41,Pataruman,,ID,,617-675-1713,Olwen Novotni,onovotni4o@youtube.com,JF85RTVfgl
6714349696,1449 Anhalt Trail,Apt 574,Wa’eryi,,CN,,637-147-6425,Kayla Mingardo,kmingardo4p@webmd.com,VWQJ0KPI8Vn
0219181969,58 Weeping Birch Trail,2nd Floor,Myronivka,,UA,,674-344-5905,Elly Pedreschi,epedreschi4q@wp.com,Pnbuo1
0252081811,360 Havey Court,Apt 1812,Huangqiao,,CN,,415-799-7174,Kira Weighell,kweighell4r@ed.gov,cXFq5YJT
7699089286,698 Steensland Court,Room 1692,Shamanka,,RU,666025,547-292-8235,Oralia Benedict,obenedict4s@wordpress.com,ZYT11DnWqs
7548784392,7 Welch Street,Suite 35,Bianba,,CN,,261-953-3633,Becka Jaume,bjaume4t@home.pl,t06sspymdq
6790593039,342 Monica Drive,Room 696,Shedok,,RU,352560,681-237-9768,Bobbye Sidebotton,bsidebotton4u@opensource.org,vh8E7p
7636365219,66 Leroy Place,Suite 8,Bua Yai,,TH,30120,297-321-7738,Lorene Kendall,lkendall4v@gizmodo.com,O4i6PW5m
2234648300,968 Bartelt Trail,Suite 59,Mazatenango,,GT,10001,553-274-3842,Wakefield Josephov,wjosephov4w@hp.com,fdte5Kp
3266440501,97 Dorton Junction,Apt 1599,Natarleba,,ID,,506-180-5163,Calley Graalmans,cgraalmans4x@edublogs.org,ept7ABqgA0S
5408733084,10 Bowman Crossing,9th Floor,Hezuoqiao,,CN,,962-106-1593,Irv Arbon,iarbon4y@hugedomains.com,cOQ9kbhdz
2742262164,4 Dayton Center,Suite 95,Wujing,,CN,,677-637-9786,Eleanor Clamp,eclamp4z@baidu.com,uLLlWmW0
2972301056,7 Magdeline Lane,12th Floor,Zheleznogorsk,,RU,662970,462-724-3429,Rianon Archibold,rarchibold50@google.co.jp,HTamqFNa6c
2693098726,8191 Norway Maple Parkway,Suite 7,Ijuí,,BR,98700-000,215-581-0468,Emlen Schneider,eschneider51@blogger.com,eLKW67m
7099530488,07 Huxley Way,Room 1798,Hrochův Týnec,,CZ,538 62,343-247-4474,Darcie Vasyatkin,dvasyatkin52@e-recht24.de,UWAf11f
0299737179,86423 Onsgard Parkway,9th Floor,Ebebiyin,,GQ,,604-346-7412,Sonny Boman,sboman53@parallels.com,KgrzOKLjtPXn
7505182757,21 Linden Plaza,Suite 100,Maracanaú,,BR,61900-000,668-745-5633,Lyman Eastwood,leastwood54@alexa.com,vTAKaToZv
0915939274,08 Harper Center,PO Box 27311,Xinchengzi,,CN,,647-436-8686,Anna-diane Kelleway,akelleway55@dagondesign.com,7tDtmc
2394271183,0 Northview Parkway,Apt 1652,Misasi,,TZ,,732-973-5404,Archambault Cuniffe,acuniffe56@sitemeter.com,V9sYMY
4262889238,959 Service Circle,9th Floor,Soriano,,UY,,484-752-8445,Randolph Tookey,rtookey57@nymag.com,wZbveVdqa9d
9359909696,36 Trailsway Place,PO Box 94090,Broby,,FI,39410,397-495-6636,Gerrie Stallion,gstallion58@vinaora.com,3Urh3543
2125497433,36 Bluejay Pass,PO Box 40577,Huangjiakou,,CN,,465-186-3158,Andreana Hexam,ahexam59@census.gov,WephBizneH
2434274978,202 Luster Terrace,PO Box 21482,Zubtsov,,RU,172318,669-302-5595,Vanda Jahns,vjahns5a@mashable.com,P1qb3n
3588605827,54 Anniversary Junction,PO Box 49336,Estaca,,PH,1123,374-119-7065,Klement Scoggins,kscoggins5b@wired.com,us2XXBCMby
6482014054,463 Hollow Ridge Avenue,Apt 271,Rawaglagah,,ID,,201-752-0932,Lucias Sorsby,lsorsby5c@booking.com,mvb7XTUBR
5770998954,1548 Anniversary Junction,Suite 56,Chuoyuan,,CN,,835-227-4058,Etienne Meiner,emeiner5d@wisc.edu,8nn1BdGS9
0801018552,0268 Westport Point,18th Floor,Anju,,CN,,928-274-8088,Meg Seaborne,mseaborne5e@prweb.com,z4M0Q5orJj4
3433072272,458 Fremont Way,PO Box 60882,Xinji,,CN,,920-635-4087,Shelby Winston,swinston5f@spotify.com,jXmnSxqkxK7q
4797794216,1611 Rockefeller Lane,PO Box 25520,La Ravoire,Rhône-Alpes,FR,73494 CEDEX,761-649-0876,Roch Keam,rkeam5g@lycos.com,7AwTrYatPU40
1172972265,25591 Steensland Lane,Suite 88,Jiefang,,CN,,606-126-7301,Malvin Gabites,mgabites5h@house.gov,EypHgwacPnzU
6970811425,40203 Old Gate Pass,PO Box 77802,Faratsiho,,MG,,597-146-3754,Christophorus Emnoney,cemnoney5i@nbcnews.com,VvLoP5UV
5215899770,8016 Colorado Circle,Room 1544,Wang Noi,,TH,13170,576-333-2203,La verne Duthie,lverne5j@weebly.com,3pn7eC
9109955615,4652 Lien Park,Suite 39,Midland,Michigan,US,48670,989-505-9989,Teddy Pashby,tpashby5k@newsvine.com,WmX98tUUiHvZ
8674262937,43581 Moose Circle,PO Box 9546,Wschowa,,PL,67-400,728-183-3241,Margit Alessandone,malessandone5l@opera.com,XKFi6J
1244150738,14 Knutson Plaza,Apt 1011,San Pedro de Macorís,,DO,11604,716-887-2220,Traci Meddick,tmeddick5m@washingtonpost.com,Lsblfm97dG5
0974043796,3 Barnett Lane,PO Box 34701,Chlumčany,,CZ,439 03,701-865-2033,Ferne Fernao,ffernao5n@apple.com,qfu8Unb
6359919281,44277 Sommers Plaza,14th Floor,Chicago,Illinois,US,60652,773-763-3526,Cosmo Martinie,cmartinie5o@quantcast.com,eNpY7R6ORn
5418947370,2378 Thierer Road,13th Floor,Kleszczewo,,PL,63-005,360-104-4688,Aurie McVitie,amcvitie5p@networksolutions.com,KzvN1naxZmD
3540026657,2 Bay Way,Apt 119,Shorapani,,GE,,735-492-4793,Cammy Cheeney,ccheeney5q@ucoz.ru,6hx9PSSaTR
4562676752,46 Doe Crossing Parkway,9th Floor,Suicheng,,CN,,734-304-9776,Kristian Purkins,kpurkins5r@pagesperso-orange.fr,2LinF8GPlhub
9699276452,81415 Fulton Road,PO Box 9310,Robertsport,,LR,,270-604-2216,Kin Rampton,krampton5s@npr.org,PxAuyy9jzmw
8818815091,81 Columbus Road,Suite 52,Ravne,,SI,3504,608-175-5720,Christophorus Pass,cpass5t@seesaa.net,gutH36O8aYH
3414026139,0252 Superior Lane,PO Box 50408,Ljungby,Kronoberg,SE,341 31,952-432-8261,Phineas Dodgshun,pdodgshun5u@arstechnica.com,b9oHD27C
6493071658,7 Miller Park,PO Box 17584,Shenshu,,CN,,881-657-3529,Kurtis Mingardi,kmingardi5v@census.gov,QuBj5l
4984003766,9 Mosinee Parkway,PO Box 25904,Xibin,,CN,,579-441-9469,Cornelle Karczinski,ckarczinski5w@cyberchimps.com,p6ChbNHIIQ
4241861075,02 Bonner Trail,PO Box 16312,Bahir Dar,,ET,,907-616-3697,Charlton Aberchirder,caberchirder5x@gnu.org,RT3CSxga8vH
2671579152,44116 Lighthouse Bay Alley,PO Box 50697,Guhuai,,CN,,789-681-4535,Elsworth Dennidge,edennidge5y@va.gov,iHPySa3o3LAP
2570866628,264 Boyd Hill,10th Floor,Itabaiana,,BR,49500-000,305-611-9361,Sheena Vesco,svesco5z@ask.com,hisMJfSB
8917734189,467 Fremont Pass,Room 761,Iúna,,BR,29390-000,529-506-4565,Ezechiel Coorington,ecoorington60@over-blog.com,FPfMtuuiT
5712518813,98 Fordem Pass,Apt 271,Stockholm,Stockholm,SE,114 79,278-428-6964,Hewett Dunston,hdunston61@washingtonpost.com,WcQwgF7QMER
9705701849,58 Marquette Place,5th Floor,Viangxai,,LA,,383-528-6306,Mary Longson,mlongson62@comcast.net,w5mzEpYo
7493477248,51121 Bluestem Hill,Apt 1129,Liliba,,ID,,528-998-2836,Karalynn Windas,kwindas63@google.ca,cx9TNo5Rd
1142078582,0459 Northport Street,Room 829,Timrat,,IL,,996-452-1686,Jourdan Dressel,jdressel64@seesaa.net,qTOEpwv2
7089326306,72 Namekagon Plaza,Room 899,Skoki,,PL,62-085,672-258-0536,Albertine Larmor,alarmor65@friendfeed.com,zA9m2S
2086644019,8 Arapahoe Terrace,Suite 31,Skövde,Västra Götaland,SE,541 07,764-989-9662,Leola Di Ruggiero,ldi66@github.com,VtiO6H7i
2632820235,2 Fallview Place,4th Floor,Dukuhtengah,,ID,,893-737-4935,Sherye Tomkiss,stomkiss67@nydailynews.com,pgwFlKlf
4159110533,53 Roxbury Pass,Room 1811,Sanrao,,CN,,527-682-7410,Wilmette Martinek,wmartinek68@blogger.com,Krl1Y2GII7
9102685388,1180 Raven Parkway,Suite 64,Hanshou,,CN,,296-806-7341,Hew Chark,hchark69@com.com,EB25Tat1G
1169020313,7694 Mccormick Plaza,Suite 27,Itaberaí,,BR,76630-000,348-219-2171,Sianna Breakwell,sbreakwell6a@printfriendly.com,9uptq5aQ
8395107862,53918 Sutherland Parkway,Room 128,Krivyanskaya,,RU,347686,555-203-1536,Electra Gerrell,egerrell6b@gnu.org,hfB71BUGS8q
9890425149,612 Mallory Lane,3rd Floor,Tupambaé,,UY,,748-473-9020,Dorree Gabbitas,dgabbitas6c@webeden.co.uk,xmR1aIgTmEty
0818209178,334 Village Alley,Room 1766,Gafsa,,TN,,313-836-9260,Shelbi Benedicto,sbenedicto6d@privacy.gov.au,6YAyfpI
3024691502,65 Sutteridge Circle,Suite 15,Pawitan,,ID,,271-303-5619,Gabriella Orum,gorum6e@who.int,I3QKWokH
4408060267,96 David Hill,PO Box 91858,Kunmi Erdi,,CN,,309-209-1742,Damita McColl,dmccoll6f@slashdot.org,26CvHFOixZe
8979987684,3716 Raven Court,Apt 1612,Pak Chong,,TH,30130,848-475-9666,Christie Farington,cfarington6g@cpanel.net,ZrEK2Zh
2268985512,8636 Thackeray Point,Room 826,Mozhong,,CN,,458-440-0967,Conway Roseaman,croseaman6h@dedecms.com,IuMLQXrgaL
2993993127,9 Darwin Junction,Apt 1110,Indianapolis,Indiana,US,46202,765-515-7139,Sansone Kibbey,skibbey6i@ted.com,NCT9Qyh7
7853103638,6 Lukken Lane,Apt 942,Nice,Provence-Alpes-Côte d'Azur,FR,06293 CEDEX 3,849-609-2347,Munmro Ziebart,mziebart6j@1und1.de,a57CLAj
8716718240,357 Shopko Alley,Suite 76,Blantyre,,MW,,261-544-5903,Brynn Oliva,boliva6k@github.com,Ip9PcclU
0350172870,6755 Roth Trail,Apt 1123,Braço do Norte,,BR,88750-000,504-290-2868,Cleve Dripps,cdripps6l@google.ca,xaeC9Ln
4862023045,31545 Eggendart Drive,Suite 59,Cola,,CN,,538-114-5610,Donica FitzGeorge,dfitzgeorge6m@newyorker.com,ZCL1LX
6347715333,4714 Rowland Lane,Suite 38,Prawdzinski,,BY,,524-412-2800,Rubia Soonhouse,rsoonhouse6n@wikipedia.org,dvLRm8wB
6400923780,5 Pepper Wood Place,PO Box 80871,San Carlos,,AR,4186,349-993-5013,Enoch Stannering,estannering6o@jugem.jp,oTFmtmtNGC
5149756849,97789 Sunnyside Crossing,11th Floor,Pujiang,,CN,,176-976-0569,Trudie Makey,tmakey6p@blogtalkradio.com,dWR6km2UXvHR
1857106687,01989 Manitowish Plaza,PO Box 39352,Zhongcheng,,CN,,517-295-6062,Ginevra Hurtado,ghurtado6q@amazon.com,KiDJuJnT
7055108454,82 Division Terrace,Room 527,Al Funayţīs,,KW,,865-510-3301,Bran Klee,bklee6r@51.la,FXwcVJ1s
4140045701,4393 Goodland Way,PO Box 7120,Velizh,,RU,216290,687-375-2584,Rollo Giller,rgiller6s@msu.edu,M2AhRp
3061844627,2 Dayton Trail,Suite 33,Jiujiang,,CN,,324-796-4954,Sholom Du Plantier,sdu6t@sogou.com,YFuwLX
1253489106,87427 Debra Street,PO Box 36907,Vuka,,HR,31403,920-142-3651,Hunt Ollet,hollet6u@example.com,e6oDmZ5JRo
8890778938,03057 Beilfuss Drive,16th Floor,Pego Longo,Lisboa,PT,2605-150,340-480-4098,Tybie Chetham,tchetham6v@spiegel.de,3Towhvwnkk
5800459886,354 Spenser Crossing,PO Box 97357,Tyumen,,RU,625999,678-967-2409,Orel Hatherleigh,ohatherleigh6w@nps.gov,oB4nne
6799934505,1 Dottie Road,19th Floor,Cuihuangkou,,CN,,638-616-9391,Ringo Magrannell,rmagrannell6x@free.fr,8sy9Nz8zhsYK
9894358829,5713 Grayhawk Hill,Suite 17,Castêlo,Porto,PT,4785-132,177-738-5483,Vicki Feavyour,vfeavyour6y@eventbrite.com,1QJZIawUT9Pn
1505949866,43649 Sunbrook Circle,Room 1774,Feondari,,ID,,918-866-1003,Jarrett Casini,jcasini6z@census.gov,zjphwy3V3Bu
9048406455,6224 Old Gate Crossing,Room 1006,Zhonggang,,CN,,892-497-4272,Abra Ladon,aladon70@skyrock.com,OQqed8Rg
7957296122,8082 Lakewood Gardens Lane,Apt 1340,Yekaterinovka,,RU,692974,209-212-2675,Cort Hackney,chackney71@chron.com,Vp9FyMQNoo
8535184678,224 Norway Maple Hill,Room 482,Kavarna,,BG,9656,646-903-2261,Garth Trythall,gtrythall72@newsvine.com,5G6360V
3112555902,785 Darwin Drive,PO Box 85227,Richibucto,New Brunswick,CA,E4W,313-968-6492,Dorelia Hedderly,dhedderly73@fastcompany.com,ONRyf4fn
4678301410,441 Corry Avenue,Room 295,Ciherang,,ID,,800-643-9735,Berti Judron,bjudron74@amazonaws.com,YFaCNlJc5B
4752541505,66 Oakridge Alley,Room 513,Batibati,,ID,,509-467-8540,Piotr Faust,pfaust75@newyorker.com,kbQzQyzjyaaU
9849573783,8765 Rusk Road,4th Floor,Chongjin,,KP,,701-850-0184,Carmelina Driffield,cdriffield76@tripod.com,wFTJeVfPWH
1303788209,35888 Cardinal Street,PO Box 10872,Longhe,,CN,,427-866-6444,Jedd Gotter,jgotter77@spiegel.de,d1OxEOvK4Q
0862098564,8 Helena Road,11th Floor,Sukawening,,ID,,649-609-4094,Waverley Kenwin,wkenwin78@addthis.com,0WYzvY4xI7
1868972518,6248 Vahlen Center,Apt 1096,Águas de Lindóia,,BR,13940-000,239-470-9233,Jessie Gladbeck,jgladbeck79@about.com,JkzEYvrHC
2201900728,93561 Arizona Place,16th Floor,Şabbūrah,,SY,,400-266-9547,Blinny Sabattier,bsabattier7a@surveymonkey.com,gfhPK6rAl2Bb
5974936000,2671 Haas Terrace,17th Floor,Portel,Évora,PT,7220-357,441-107-5106,Aldin McGenn,amcgenn7b@cnbc.com,Iv7Cm7vhZkn
7726886161,553 Utah Way,5th Floor,Yuecheng,,CN,,481-791-1474,Sherry Sawers,ssawers7c@ucsd.edu,8vZMMELXfgJ
7930880737,9 Shoshone Crossing,PO Box 36217,Banī an Nahārī,,YE,,442-101-0980,Meade Pennazzi,mpennazzi7d@un.org,jZ1xdPBwuTP
7070706669,37 Eggendart Park,Room 1742,Gereykhanovskoye,,RU,368792,384-617-4548,Kacie Capponer,kcapponer7e@multiply.com,JW5lHgoVN
1908948981,722 Hallows Junction,Room 8,Qianwei,,CN,,354-520-4568,Maritsa Koppens,mkoppens7f@deviantart.com,oBnR71gbsnj
1617658502,7 Union Trail,Apt 201,Xinhua,,CN,,378-275-3452,Terra Rosenhaupt,trosenhaupt7g@sciencedirect.com,iaaP4h1cc
6888356930,3 Butternut Parkway,PO Box 16032,Balabag,,PH,5001,817-702-4160,Malchy Vasyaev,mvasyaev7h@msu.edu,goLXr1R
8588560143,1429 Farragut Street,1st Floor,Binjai,,ID,,595-183-0444,Englebert MacKibbon,emackibbon7i@wordpress.org,X1jHK4ZRWiw
4481766263,6796 Amoth Circle,Room 460,Irkliyevskaya,,RU,353144,101-231-4735,Ashley Younglove,ayounglove7j@timesonline.co.uk,utCg1F
9924246381,0790 Monterey Street,Suite 2,Mengzhai,,CN,,483-274-2279,Delia O'Hartigan,dohartigan7k@smugmug.com,7Tg095d
3599169314,14 Stuart Place,Room 821,Copán,,HN,,907-683-7170,Leeanne McPeeters,lmcpeeters7l@hugedomains.com,Zehlc31
5933642983,0 Laurel Avenue,Suite 40,Shidong,,CN,,900-767-6014,Aleta Balm,abalm7m@earthlink.net,HSx6daLQ6
1906582181,6 Everett Road,PO Box 71374,Pengdian,,CN,,402-788-4929,Siobhan Folomkin,sfolomkin7n@si.edu,9fnHcFSNtyt
3091312216,89 Bluestem Road,Suite 87,Aihua,,CN,,756-812-9283,Leoine Lawranson,llawranson7o@cdc.gov,YObWUOb
9763713560,55930 Fallview Junction,PO Box 47126,Krajan,,ID,,474-420-4753,Vincent Pattingson,vpattingson7p@fastcompany.com,LaZzqki6
3838449649,1 Londonderry Street,Room 1538,Boavista,Vila Real,PT,5030-304,205-110-5075,Melinde Goulbourn,mgoulbourn7q@walmart.com,5QRCCfye1
3231980569,333 Weeping Birch Street,Suite 22,Salinggara,,ID,,769-797-5690,Elmo Kenrat,ekenrat7r@sphinn.com,7nvxEe3QSr
6824575666,6921 Drewry Pass,PO Box 5753,El Cocuy,,CO,151287,748-530-9061,Lorant Rennels,lrennels7s@google.it,3a6INLfQnF
8095543497,20223 Tony Pass,Room 1862,Pervomayskoye,,RU,188855,621-415-1724,Halie Skilling,hskilling7t@discuz.net,sxNGVd26ww
4043624689,3634 Northridge Center,PO Box 95657,Ciranca,,ID,,292-585-9844,Farica Halls,fhalls7u@yellowbook.com,O4Usoki
7635914219,7061 Fremont Court,20th Floor,Créteil,Île-de-France,FR,94049 CEDEX,250-399-1699,Caria Da Costa,cda7v@example.com,NsAhvp
4334517927,81 Ludington Center,1st Floor,Benešov nad Ploučnicí,,CZ,407 22,898-141-6900,Johnath Duling,jduling7w@newyorker.com,hp1E7aXV
0520569857,1 Mccormick Court,Room 1317,Tongshanxiang,,CN,,167-854-0823,Boyce McGerr,bmcgerr7x@howstuffworks.com,3aUtJJLD6TBO
4363906022,3 Ridge Oak Way,PO Box 96487,Krajan Suco,,ID,,462-713-0782,Vanna Sumbler,vsumbler7y@businessweek.com,NFz2eS
3545702901,196 Brickson Park Trail,Apt 1734,Vellinge,Skåne,SE,235 36,292-778-0300,Minette De Andreis,mde7z@privacy.gov.au,RDoz7i22HZ
7478895808,037 Gina Pass,PO Box 68443,Maceda,Aveiro,PT,3885-705,631-252-3023,Elicia Worvill,eworvill80@google.com.hk,miGaazIczZp5
4083276622,5480 West Drive,Suite 30,Binulasan,,PH,6712,990-701-9359,Valentine Stranahan,vstranahan81@cornell.edu,pHxEG2kP3C
2884174095,9 Schurz Alley,8th Floor,Daoxian,,CN,,130-707-9909,Ashlee Maseyk,amaseyk82@nyu.edu,YRyeNh5JzgAF
8429558659,721 Sage Point,PO Box 4281,Palmira,,PA,,770-840-8706,Nicolea Atwood,natwood83@tumblr.com,hzFFPxi49H
9497858922,20 Melody Trail,18th Floor,Rumphi,,MW,,697-687-4972,Nestor Champagne,nchampagne84@state.gov,xWoz4Y9iHf
0522356974,7883 Ridge Oak Avenue,PO Box 28879,Francisco Beltrão,,BR,85600-000,749-798-7921,Galvin Farfolomeev,gfarfolomeev85@over-blog.com,Bk5Brrjfxo
1637995741,79242 Rigney Center,Room 1841,Caibiran,,PH,6548,656-243-2058,Brandea Knowller,bknowller86@mtv.com,J2AWhnVbLL
5470238768,1 Lake View Road,Room 1397,Serra Talhada,,BR,56900-000,261-527-8297,Aldo Liepmann,aliepmann87@sourceforge.net,WUWFqUD
1049353277,717 Gulseth Place,PO Box 17105,Immātīn,,PS,,310-590-3981,Aloin Fyldes,afyldes88@mayoclinic.com,JWEJUqSYX
1152768697,133 Laurel Drive,PO Box 61931,Barra do Bugres,,BR,78390-000,121-269-5508,Dominick Hagart,dhagart89@blogtalkradio.com,85f4RvRBi6
1284159485,282 Hermina Park,PO Box 10090,Etinan,,NG,,256-905-5319,Dinnie Steffens,dsteffens8a@nyu.edu,Wbl1YXxzSjF
1224787293,14 Mariners Cove Alley,Suite 23,Portarlington,,IE,R21,281-670-7798,Stevie Jahner,sjahner8b@weather.com,gXNxGEu
7955724801,19729 Pierstorff Road,Apt 1141,Yanglin,,CN,,937-264-9308,Sindee Picton,spicton8c@miibeian.gov.cn,c7UQL8O4
6169349921,1178 Mitchell Center,PO Box 11269,Jankowice,,PL,43-215,947-661-5057,Arabele Shannahan,ashannahan8d@biglobe.ne.jp,TyAfuskq
6666544307,6486 Butternut Center,Apt 865,Buzuluk,,RU,461059,208-268-7391,Rona Cookman,rcookman8e@blog.com,wdJywZOBsdwi
6366163324,1 Northridge Alley,Apt 536,Trablice,,PL,90-557,974-465-4195,Roxanna Signoret,rsignoret8f@dell.com,lFKyBs
7435698202,94949 Summit Drive,PO Box 39355,An Nāşirah,,SY,,925-132-6946,Chilton Skillington,cskillington8g@biglobe.ne.jp,R62xZXFTLIq
9477737526,736 Lien Alley,Suite 4,Loučovice,,CZ,382 76,353-937-4143,Clea Trenam,ctrenam8h@yellowbook.com,huIzZXlLE
1877918857,9294 Ronald Regan Avenue,PO Box 89498,Le Mans,Pays de la Loire,FR,72015 CEDEX 2,553-960-3151,Josefa Allner,jallner8i@un.org,qlNjFvWByiLm
9825225947,38 Ridgeway Way,17th Floor,Tanushimarumachi-toyoki,,JP,839-1344,142-568-1615,Lorilee Moodycliffe,lmoodycliffe8j@yahoo.co.jp,SxHDk1
6190983898,9 Harper Avenue,Apt 565,Velyki Mezhyrichi,,UA,,403-596-4067,Clerissa Wellington,cwellington8k@jimdo.com,9u7PPcXso
9039851298,8 Longview Junction,Room 444,Paseka,,CZ,783 97,400-312-4749,Dani Heister,dheister8l@ucla.edu,1u4EeSOkZsd2
2470357349,65419 Shelley Junction,Suite 72,Xanxerê,,BR,89820-000,441-717-9555,Cammi Stanmer,cstanmer8m@sohu.com,m8ENe85UdxV
9526786270,4 Holmberg Alley,Apt 129,Várzea,Viseu,PT,3660-694,709-369-3755,Massimo Varran,mvarran8n@exblog.jp,PGTp0OU1t
2799291783,1278 Pond Court,Room 896,Selouane,,MA,,841-990-5493,Christos Larway,clarway8o@lycos.com,ANM86mfW
5331111084,0264 Namekagon Court,Apt 1183,Bhamdoûn el Mhatta,,LB,,686-831-0588,Herbert Conti,hconti8p@comcast.net,E3Yyqw
1893058069,8295 Westridge Place,PO Box 34646,Kibuku,,UG,,211-950-4442,Filip Brevitt,fbrevitt8q@hexun.com,JprtSqLsgTKp
4299576993,174 Ridgeway Way,Apt 330,Kumanovo,,MK,1300,984-415-6042,Georgia Maes,gmaes8r@fastcompany.com,xRSoVftDlcCl
7870253642,6847 Clemons Place,Apt 452,Wanling,,CN,,916-461-5198,Dominica Blindt,dblindt8s@opera.com,1C4etSGT
1795482400,309 Arkansas Place,Room 586,Linchen,,CN,,714-687-1952,Winston Gouge,wgouge8t@wordpress.com,d0A59DGK1
3123818837,5509 Darwin Lane,Apt 1547,Srebrenik,,BA,,739-884-4493,Massimo Carbonell,mcarbonell8u@nydailynews.com,lWO2iEz
8316669463,095 Milwaukee Plaza,Suite 33,Cachoeiras de Macacu,,BR,28680-000,325-343-3484,Melisent Mc Trusty,mmc8v@ebay.com,F4W1Wo3B4mj
5895100643,390 New Castle Circle,15th Floor,Jiayuguan,,CN,,554-448-5963,Tammi Sutliff,tsutliff8w@msu.edu,VnBBfVLZ0Of
6152762545,647 Washington Place,15th Floor,Okcheon,,KR,,312-122-1411,Franciskus Sweetsur,fsweetsur8x@goo.gl,565QIP
3911972814,7095 Talisman Lane,Suite 65,Valleymount,,IE,A83,644-239-6615,Ardis Winterbourne,awinterbourne8y@barnesandnoble.com,4Fxvxew7IrN9
8613788629,16 Talisman Alley,Room 896,Cibitung,,ID,,547-496-8164,Hugh Meatcher,hmeatcher8z@prlog.org,ikKPpL
2607553997,722 Grim Park,Suite 65,Mueang Nonthaburi,,TH,11120,147-563-3885,Seymour Bristowe,sbristowe90@canalblog.com,VCCmZa
4180474905,22 Longview Place,Suite 35,Apuri,,ID,,626-842-3859,Zach Conn,zconn91@stanford.edu,AXqfxpheew
3640712943,36469 Harper Center,Apt 1646,Spas,,UA,,863-893-6654,Hanan Greggs,hgreggs92@loc.gov,hpEBT1v5
9584409492,0 Di Loreto Road,Suite 100,Xinxing,,CN,,426-720-0930,Edyth McCay,emccay93@networksolutions.com,qfuP3a
0111278007,9842 6th Alley,Suite 75,Linhares,Porto,PT,4620-620,494-933-4164,Johannah Pomfret,jpomfret94@usa.gov,3a4UnhQ5ijQx
0408068612,93 Artisan Junction,Suite 78,Baoshan,,CN,,578-765-0971,Edita McAvinchey,emcavinchey95@elegantthemes.com,LZBCH9
0013269070,99512 Mifflin Street,Suite 53,Oslo,Oslo,NO,0323,550-373-7958,Andrew Yeudall,ayeudall96@nydailynews.com,5pfMmpUm83
0433328363,846 Kipling Lane,Room 1844,Zhonghuopu,,CN,,923-749-2701,Reggie Speerman,rspeerman97@acquirethisname.com,BAgMvqnWePaN
6448996060,59023 Mockingbird Plaza,14th Floor,Tunduma,,TZ,,909-329-3056,Jasen Gueny,jgueny98@wisc.edu,wMc07oO
2316187269,257 Mcguire Plaza,Apt 1327,Kubachi,,RU,368586,762-663-9099,Benji Pittson,bpittson99@amazon.co.uk,xvDdpHmw3s
3092343131,57124 Algoma Pass,PO Box 2773,Cikadu,,ID,,458-782-7663,Cinda Brierly,cbrierly9a@indiegogo.com,g2sM8DHAsk
8114395486,168 Rockefeller Crossing,Suite 50,Sungaimaja,,ID,,983-400-6592,Kata Innerstone,kinnerstone9b@hc360.com,MDZHHMFAzJB
1999940652,901 Grayhawk Alley,Room 261,Pļaviņas,,LV,,208-674-7055,Baxie MacNish,bmacnish9c@slashdot.org,Gvp6Mii2l
0018835848,90 Golf Pass,Apt 489,Bandung,,ID,,834-282-4838,Chic Gregorowicz,cgregorowicz9d@cornell.edu,dEhowQJ
8690395970,35 Caliangt Lane,3rd Floor,Ágios Efstrátios,,GR,,829-993-3767,Kathe Boik,kboik9e@geocities.jp,eSEApk
2705155279,396 Truax Street,Suite 97,Chendian,,CN,,314-370-2688,Piotr Gribbins,pgribbins9f@rediff.com,0IQlHk
1892980223,1273 Merry Crossing,Room 1278,Presnenskiy,,RU,901993,777-386-1047,Glen Shute,gshute9g@aol.com,Rys50jSC
1949020789,225 Iowa Road,Apt 723,Quintinha,Setúbal,PT,2970-303,924-342-4049,Giralda Scholefield,gscholefield9h@zdnet.com,svn4PLKdpf8
8636986788,837 Rutledge Court,Suite 91,Caldas,,CO,154667,706-524-5782,Jerald Cordeix,jcordeix9i@mayoclinic.com,JwrEMBG8XJGa
9848551875,54 Comanche Street,Room 1718,Ivanovo-Alekseyevka,,KG,,907-203-0184,Kirby Lightbourn,klightbourn9j@tumblr.com,PzNlb1
4830849355,4 Derek Way,PO Box 18109,Kiyevskoye,,RU,363710,745-197-5052,Emmalynn Lehrahan,elehrahan9k@newsvine.com,RRQHRm5ongt
8247245868,2 Mcbride Way,13th Floor,Regente Feijó,,BR,19570-000,421-179-7712,Merrill Wehner,mwehner9l@timesonline.co.uk,Wtl7wGOlP4U
0954777301,1 Tony Road,PO Box 89017,Doāba,,PK,26241,813-992-4210,Lynea Fantonetti,lfantonetti9m@ca.gov,UbjvHyEY6wl
7889117655,2015 Rockefeller Court,PO Box 57149,Verkhn’odniprovs’k,,UA,,869-750-6737,Noella Varey,nvarey9n@ow.ly,PRk00lSUD0Se
9777303270,947 Tennessee Street,Apt 1279,Kadubetara,,ID,,500-760-8866,Izaak Rarity,irarity9o@answers.com,CJIWGK
6372364956,63 American Drive,Suite 27,Sanxixiang,,CN,,712-934-2884,Emalia Bielfeld,ebielfeld9p@blogspot.com,BMf5vn
1904391729,900 Oak Street,Suite 82,Wangqu,,CN,,157-856-8841,Miguelita Galletly,mgalletly9q@moonfruit.com,IeuTWk23Ys
1085487768,90 Colorado Court,Apt 1435,West Jerusalem,,IL,,297-748-5866,Laurette Jaulme,ljaulme9r@gizmodo.com,3XYpclmPVJi
5436451551,0 Messerschmidt Court,Room 1602,Jezzîne,,LB,,922-604-7698,Sheridan Blything,sblything9s@dell.com,jqo3ex
4106557274,5 Hollow Ridge Park,15th Floor,Otyniya,,UA,,587-154-3193,Natasha Basketter,nbasketter9t@csmonitor.com,AlHEDg3WoSGC
6121550880,504 Fairfield Circle,Apt 1104,Valle de La Pascua,,VE,,163-880-9346,Shelba Rochford,srochford9u@businessweek.com,885AvdLJq41
7569781732,61272 Moose Place,PO Box 8359,Elbasan,,AL,,931-770-1363,Tobin McCawley,tmccawley9v@usatoday.com,j8dPcM
3166180486,8 Mccormick Trail,PO Box 39177,Gazanjyk,,TM,,609-790-4596,Barbara-anne MacGowan,bmacgowan9w@epa.gov,yqAZS9qOsLA
1089742797,698 Monterey Way,Apt 667,Phra Phrom,,TH,80000,911-994-8883,Jerrilyn Castanone,jcastanone9x@dyndns.org,N73Y8NrC8P
5325241354,53 Brown Pass,Room 1626,Ivanovo,,RU,352620,392-310-2150,Drucy Schukert,dschukert9y@artisteer.com,zAL29qYemm
9129705010,50 Express Junction,Apt 1189,Pangrumasan,,ID,,306-599-6842,Evie Iceton,eiceton9z@google.ru,QlkGg2rt
5782324074,9 Kim Place,8th Floor,Sentani,,ID,,284-518-8876,Jarrett Wrench,jwrencha0@accuweather.com,I5nUV6y4Z
0271134356,9610 Arkansas Point,9th Floor,Kawaguchi,,JP,999-5203,679-229-9493,Roshelle McCrae,rmccraea1@blogger.com,hjQL8iGcfjrL
4141144029,62324 Rigney Avenue,16th Floor,Palmeira,,BR,88545-000,130-908-7768,Webb Batte,wbattea2@kickstarter.com,mkwi6ZoP
7692598452,2468 Eagle Crest Road,PO Box 59068,Skore,,AL,,656-796-5826,Matthias Gwilym,mgwilyma3@diigo.com,wc7o6L
8777126661,2 Almo Parkway,Apt 1798,Thị Trấn Na Hang,,VN,,894-720-1208,Bruce Stoffers,bstoffersa4@so-net.ne.jp,7pS6TK
5775625196,33965 Hollow Ridge Lane,Room 37,Pita,,GN,,927-663-3385,Netty Surridge,nsurridgea5@utexas.edu,zqTrhqu
8566196007,18508 Hayes Road,1st Floor,Isehara,,JP,277-0883,448-395-5906,Trever Skeeles,tskeelesa6@deviantart.com,fjKs1oSWXDC
3998487018,054 Monument Circle,PO Box 27858,Trąbki Wielkie,,PL,83-034,680-299-6195,Andree Newby,anewbya7@imdb.com,wSX4Ov
8526752871,60 Westerfield Road,Suite 31,Chishan,,CN,,275-448-1921,Almeta Diperaus,adiperausa8@t-online.de,SH09jUWxB
3243925266,632 Cardinal Point,Apt 1115,Angers,Pays de la Loire,FR,49033 CEDEX 01,930-611-7319,Deana Costen,dcostena9@walmart.com,Bmrr1IWM
2837158054,0112 Rockefeller Plaza,Room 549,Jianling,,CN,,488-829-3439,Sayer Kasting,skastingaa@live.com,fjR1uObqn
2728227527,4 Banding Plaza,Apt 1579,Zhongyuan,,CN,,585-843-6742,Kevyn Jillins,kjillinsab@lulu.com,zzI6urMTF
9142135559,029 Lillian Plaza,Apt 1907,Zhuangbu,,CN,,568-656-4505,Howie Willwood,hwillwoodac@illinois.edu,awoVBbyZA
2607448190,8440 Meadow Ridge Parkway,PO Box 40762,Issad,,RU,187453,542-666-4676,Annaliese Ligoe,aligoead@fc2.com,RUk8TErDSmKT
9174618083,3 Golden Leaf Trail,Suite 34,Kuanheum,,ID,,256-253-4493,Robers Lazare,rlazareae@mozilla.com,9yR8DKDVm2R
7533065921,38599 Sunbrook Pass,Room 761,Gornji Breg,,RS,,499-186-0208,Gunner Dagon,gdagonaf@house.gov,gHpyJa
9849903805,34 Saint Paul Court,4th Floor,Aldeia da Bela Vista,Faro,PT,8400-661,489-667-8508,Mathias Martinyuk,mmartinyukag@cnet.com,Kpn7wYZG
5033236997,41177 Ronald Regan Hill,Room 393,Taloko,,ID,,371-744-8791,Joann Pollen,jpollenah@gizmodo.com,4eD6D74RW
9031349208,2612 Little Fleur Parkway,Room 108,Bang Racham,,TH,16130,440-939-0800,Alford Ethelston,aethelstonai@epa.gov,igjrZf
4498461746,3558 Jay Street,Apt 1130,Jianshan,,CN,,870-103-7877,Quentin McCallum,qmccallumaj@merriam-webster.com,7KHAVp
4251027442,4 Upham Drive,Room 119,Alae,,PH,2705,425-924-4311,Maris Beevors,mbeevorsak@comsenz.com,SpagDLeK
8844660407,96 Merry Drive,Apt 228,Viljoenskroon,,ZA,9521,688-939-2168,Odille Pirie,opirieal@dropbox.com,Ca2GdWQuT9
7183977900,4964 1st Street,Suite 89,Amos,Québec,CA,J9T,647-345-3329,Ken Merkel,kmerkelam@storify.com,Chw6VI5aT50
0623961547,661 Farragut Junction,Suite 82,Tengger,,ID,,383-916-1560,Curtis Shackleton,cshackletonan@histats.com,UqXQ9IX8Zx
5946784315,73 Portage Plaza,Suite 1,Tomdibuloq,,UZ,,356-455-3251,Malena Mugleston,mmuglestonao@house.gov,8qOih1j
8757542945,53271 Russell Junction,PO Box 21890,Akonolinga,,CM,,971-942-9067,Palmer Sorro,psorroap@tmall.com,nZyPUWYjumJ
5989723172,382 Anzinger Court,Apt 1710,Bonn,Nordrhein-Westfalen,DE,53129,694-715-4103,Violette MacTrustrie,vmactrustrieaq@jiathis.com,GrXB5JciH5V
7374973837,415 Buhler Drive,Apt 1747,Santo Anastácio,,BR,19360-000,477-347-2067,Perkin Gebbie,pgebbiear@discuz.net,pqtla6vW
7345068781,72701 Utah Plaza,PO Box 96985,Pajala,Norrbotten,SE,984 28,812-307-5217,Alfie Forster,aforsteras@soundcloud.com,M8NF5zdJjY
1085385787,93 Amoth Hill,Room 1578,Youludu Sibage,,CN,,213-837-6628,Rosita Oxherd,roxherdat@guardian.co.uk,epaFJ3L
5743255415,09039 Monterey Alley,Suite 64,Mingelchaur,,AZ,,190-833-2933,Baron Oby,bobyau@ed.gov,HFUNJA
5976825117,4 Westend Junction,PO Box 58453,Macklin,Saskatchewan,CA,B0K,467-854-7219,Sigfrid Eldridge,seldridgeav@cdbaby.com,inPKLqRhfc1p
3994086442,5541 Annamark Place,PO Box 96812,Lameira,Viseu,PT,4690-712,943-281-7023,Iolanthe Atterbury,iatterburyaw@nps.gov,fjWANXDFo7
1846283248,2010 Eastwood Terrace,16th Floor,Tanay,,PH,1980,722-762-3611,Sena Glasscott,sglasscottax@booking.com,qoEXgvJFqBi
4940947513,29640 Clarendon Junction,Room 1521,Penggakrajeng,,ID,,970-695-9685,Karola Blaw,kblaway@senate.gov,znXeDk3ZEudv
8922200480,56 Shelley Trail,PO Box 67716,Kutao,,CN,,313-120-7163,Matthieu Orringe,morringeaz@i2i.jp,J2thyO
9308558837,73618 Anderson Drive,11th Floor,Baimi,,CN,,903-320-1803,Dinah Johns,djohnsb0@pen.io,eeUxPMl
1743825692,9250 Summer Ridge Avenue,14th Floor,Ōdate,,JP,270-0105,606-821-7683,Patsy Ridgers,pridgersb1@xinhuanet.com,7KgllB2DD
9276729100,6 South Center,Apt 1741,Bungu,,TZ,,162-359-0664,Patrica Garrood,pgarroodb2@acquirethisname.com,8CaXgWIU
5696074863,5 Hoard Street,Apt 1639,Hegeng,,CN,,851-593-7316,Celene Tranckle,ctranckleb3@abc.net.au,p8kXBYQ
6577301476,807 Briar Crest Street,Apt 62,Takeshiken,,CN,,962-180-6375,Jeremy Linbohm,jlinbohmb4@arizona.edu,O93xXCe
6051496718,5982 Beilfuss Trail,Room 121,Maodian,,CN,,785-615-6700,Levon Belliss,lbellissb5@census.gov,VSjt8asC
8185917876,62484 Daystar Alley,Suite 29,Biao,,PH,2701,838-540-0279,Alphard MacTerlagh,amacterlaghb6@canalblog.com,yQjxW52U9xa
2786975069,9 5th Avenue,Room 122,Santa Cruz del Sur,,CU,,261-806-4881,Joan Judson,jjudsonb7@nifty.com,6FAwnz
1445883678,957 Spaight Place,Apt 115,Muncar,,ID,,518-651-8948,Mace Grammer,mgrammerb8@scientificamerican.com,o8Pn0u
5126405748,708 Fremont Street,Room 435,Aiximan,,CN,,799-453-2000,Felizio Crack,fcrackb9@kickstarter.com,IbnE8dVo3b
8987722147,034 Cordelia Road,PO Box 1592,Uva,,RU,427265,411-310-5299,Geoffry McKenzie,gmckenzieba@woothemes.com,sdtrqG2e4H
2242444581,1 Debra Court,Apt 1768,Ruixi,,CN,,153-992-6922,Loree Masey,lmaseybb@sbwire.com,FJ1lJ2
1948892863,63633 Fairview Place,Apt 362,Moulins,Auvergne,FR,03017 CEDEX,334-885-1929,Daniela Lidgely,dlidgelybc@exblog.jp,BTJMrz
3970500494,51634 Rusk Plaza,Suite 1,Kongjiafang,,CN,,388-312-7683,Esta Burnett,eburnettbd@sciencedirect.com,YOx7kIeThp5
0143867962,6 Melrose Road,Suite 27,Jiamaogong,,CN,,450-290-1121,Nicolea Odgers,nodgersbe@etsy.com,T4T58DYCU
0365270482,07102 Mallard Street,8th Floor,Laohugang,,CN,,370-706-1126,Loleta Ferrone,lferronebf@behance.net,XtSlzJI4k
5622738636,90 Swallow Way,1st Floor,Shamanka,,RU,666025,705-802-9806,Otha Sheryn,osherynbg@unicef.org,lS09b8Od
7871206184,215 Kipling Trail,Suite 100,Usevia,,TZ,,166-490-9235,Sheffy Stallen,sstallenbh@seattletimes.com,4N421F9oH2G
6704898212,439 Thackeray Court,PO Box 66763,Lebak,,ID,,676-493-3261,Luke Cobon,lcobonbi@homestead.com,rSIAS1xwo
1552652947,213 Loomis Pass,PO Box 92800,Gunungsubang,,ID,,258-678-1397,Jessee Spalls,jspallsbj@businesswire.com,0dycreqNpHX
9647298293,1 Kim Way,Apt 815,Talpe,,LK,80615,447-559-2583,Carolyn Yankov,cyankovbk@prweb.com,fcz6SKgZu
6008152905,2390 Prairie Rose Pass,Suite 87,Arauco,,AR,5311,307-336-6497,Gillie Priver,gpriverbl@arstechnica.com,jcdJceCx8KN
8913765454,007 Sachs Parkway,PO Box 63861,Causip,,PH,4430,484-133-6937,Cristiano Licas,clicasbm@edublogs.org,Df9vdm
8052112915,6 Buena Vista Lane,Suite 37,Mar’ina Roshcha,,RU,901993,125-290-3255,Lori Ridett,lridettbn@youku.com,e4l8vxmDGBj
4761994878,5580 4th Place,Suite 27,Rikitgaib,,ID,,454-725-8630,Shirlee Rucklesse,srucklessebo@acquirethisname.com,SuZUa1ofagjg
4771592616,0603 Acker Alley,Suite 46,Karakol,,KG,,704-106-1866,Elysee Bonome,ebonomebp@intel.com,KsI4GF5hCli
0457706317,4 Oakridge Road,PO Box 74319,Rokoy,,ID,,705-296-2002,Mureil Allender,mallenderbq@ycombinator.com,MsTWSJwgeY
4666271767,15674 Judy Way,PO Box 21694,Panalingaan,,PH,9610,142-988-0913,Powell Verey,pvereybr@jugem.jp,TB1mlzX
0396461905,990 Muir Pass,Suite 73,Kumagaya,,JP,360-0016,238-809-6482,Renato Hayball,rhayballbs@netscape.com,qQairss1NGqw
6185838001,09423 Southridge Center,Suite 100,Ponte Nova,,BR,35430-000,575-362-7068,Malchy Baynom,mbaynombt@scribd.com,5TKV24fR0ODw
4573262695,02358 Mariners Cove Crossing,Apt 994,Dadapan,,ID,,150-140-2302,Marjie Thorouggood,mthorouggoodbu@cnn.com,UkbQGAiOQ6
9572822659,7 Saint Paul Park,PO Box 50562,Kara Suu,,KG,,547-371-5989,Gaye Giordano,ggiordanobv@vimeo.com,4otKcn9
3396594460,40 Pond Point,PO Box 33645,Ash Shafā,,SA,,700-201-3116,Pancho Fermer,pfermerbw@goo.ne.jp,aQmLacvR
7222939148,84 Northfield Way,PO Box 31553,San Juan del Cesar,,CO,444038,438-858-2330,Cristian Joffe,cjoffebx@businessweek.com,lkG3x7kW1I
6771289842,46 Butternut Street,Room 1402,Farshūţ,,EG,,645-212-5121,Robenia Cleverly,rcleverlyby@nih.gov,2j34fItwWF5
6906456709,847 Division Park,4th Floor,Kiên Lương,,VN,,695-853-7565,Katie Segebrecht,ksegebrechtbz@dailymail.co.uk,DqyA11mvKS3
0268992290,4375 Hanson Drive,Room 408,Barotac Viejo,,PH,8611,935-168-8940,Krystal Seccombe,kseccombec0@sphinn.com,R9ZbV0wA1gF
1633290204,192 Sunbrook Center,6th Floor,Baoshan,,CN,,596-373-6029,Conn Kingsnoad,ckingsnoadc1@delicious.com,rq1Sr6lA
8338050873,2 Lake View Avenue,Apt 1542,Luzern,Kanton Luzern,CH,6005,100-733-1508,Ivie Oggers,ioggersc2@washington.edu,fHqUtakLofd
1896742440,5 Sunfield Drive,Apt 1653,Sadkowice,,PL,96-206,648-644-6768,Ezequiel Pummery,epummeryc3@usa.gov,iC2OtVqWt
8589587975,6011 Clyde Gallagher Terrace,Apt 1125,Ubá,,BR,36500-000,702-684-1247,Chlo McOrkil,cmcorkilc4@hostgator.com,rZnunfWMpc
7832688874,050 Dovetail Way,Suite 96,Tomohon,,ID,,128-121-3459,Tobias Cowlas,tcowlasc5@gov.uk,xV4jk6UJ6Gyv
1853497126,670 School Place,Apt 928,Rozvadov,,UA,,229-118-4844,Kristi Cathesyed,kcathesyedc6@dropbox.com,RiLzD4
9972656322,8 Lunder Point,Apt 1554,Gorichevo,,BG,7337,532-893-8129,Kayle Zute,kzutec7@amazon.co.uk,oYJ9NK57SKR
6197014998,4618 Westport Pass,Suite 12,Barrancas,,CO,443049,702-454-7259,Josey Suscens,jsuscensc8@fema.gov,rFvdLRd6zMHN
4255632006,97828 Morningstar Place,Suite 47,Ngeni,,ID,,222-583-5849,Farleigh Tumelty,ftumeltyc9@chicagotribune.com,yqoo3e9
9522218421,97 Prairieview Hill,PO Box 10779,Zagora,,MA,,343-396-1509,Dalton Forsbey,dforsbeyca@cloudflare.com,eNYleHR
6590346453,83506 Texas Road,Room 1860,Liloy,,PH,7115,145-817-0257,Anabel Thame,athamecb@mozilla.com,4CAMbQ
0648702758,4391 School Road,PO Box 64698,Karvia,,FI,39930,316-155-6839,Dav Tyres,dtyrescc@desdev.cn,sjfPcnJxV5L
7889858906,561 Duke Pass,20th Floor,Jalupang Dua,,ID,,191-231-3894,Vitoria Ricioppo,vricioppocd@princeton.edu,REVoT5alK9uP
7001349682,881 Kim Trail,PO Box 48574,Liudu,,CN,,555-744-2094,Cecilia Walliker,cwallikerce@studiopress.com,Hy8FlV8Z
5284754298,0960 Derek Crossing,Suite 58,Carmen,,PH,9408,235-103-8926,Ethelin Bumpass,ebumpasscf@techcrunch.com,kIVEwymAMX
5830630877,25762 Eastlawn Point,PO Box 55520,Fuyong,,CN,,163-549-3867,Perren Eustanch,peustanchcg@google.es,23bQrn6MsYf
2991276681,95812 Dakota Avenue,Suite 24,Gēdo,,ET,,623-912-7491,Robena Benterman,rbentermanch@ucoz.ru,3pW00DraQsF
0174307985,438 Veith Lane,PO Box 49781,Sigetec,,HR,48321,290-449-5943,Lou Albisser,lalbisserci@yahoo.com,8foMyYAsAjID
4811151607,5544 Crescent Oaks Pass,Suite 71,Trakan Phut Phon,,TH,90120,362-961-5383,Bertrand Olesen,bolesencj@flavors.me,OKn2RP05PqzY
1190535343,76 Havey Terrace,Apt 961,Shigu,,CN,,236-137-3282,Anitra Habeshaw,ahabeshawck@house.gov,SMxYjL4
2123528080,6367 Dexter Place,Room 623,Tanggungrejo,,ID,,539-975-9924,Vale Tosney,vtosneycl@shop-pro.jp,vJc1WqVbCFja
5155249600,1 Becker Trail,Room 1360,Bor,,SS,,876-599-6323,Christie Pleat,cpleatcm@cornell.edu,41LHIm7lfAy8
9076771693,007 Pierstorff Plaza,Suite 51,Palkino,,RU,181280,302-988-5072,Yvette Fairey,yfaireycn@comcast.net,T6H0OgI
3111186466,325 Sunnyside Center,Suite 33,Pianling,,CN,,901-496-0753,Zsazsa Herrero,zherreroco@usnews.com,ZiNfmHM
0645481114,87663 4th Court,8th Floor,Chuangye,,CN,,239-625-2039,Haskell Tredger,htredgercp@desdev.cn,rmFvm64Jb
7771551769,5 Anthes Hill,Suite 26,Liucheng,,CN,,486-879-7480,Annamaria Amberger,aambergercq@squidoo.com,WlGkYvLI
8839842586,2 Gulseth Pass,4th Floor,Kovdor,,RU,633375,468-870-3210,Nan Storres,nstorrescr@shareasale.com,PScxp8zvx
2411056427,82855 Rowland Circle,Room 288,Mariel,,CU,,836-303-2392,Nance Mithun,nmithuncs@amazon.co.jp,czPykUGq
5208373300,74879 Corscot Trail,Room 864,Surgut,,RU,628408,761-810-0961,Tybi Wheatman,twheatmanct@ow.ly,l1G2to
7662494497,4202 Brentwood Crossing,Suite 51,Caopie,,CN,,405-175-9426,Dare Bumpus,dbumpuscu@surveymonkey.com,7je6Hs4
7989852578,655 Randy Plaza,Suite 66,Bollnäs,Gävleborg,SE,821 80,341-756-5186,Darrin Goold,dgooldcv@squarespace.com,tAu1Ok0
5818089576,22 North Pass,PO Box 48965,Citeureup,,ID,,680-665-2732,Gal Lawson,glawsoncw@cocolog-nifty.com,DUsWqT6Iz
6595107295,8 Merry Hill,10th Floor,Delcevo,,MK,2320,780-487-8779,Cristi Jost,cjostcx@rambler.ru,nejIeuPz
3596714230,6428 Prentice Point,Room 147,Cottbus,Brandenburg,DE,03055,182-689-9365,Herc Toy,htoycy@technorati.com,ygW36b2U3cq7
1502242257,745 Drewry Plaza,Suite 94,Non Sung,,TH,30160,229-212-9266,Lea Stidworthy,lstidworthycz@wikispaces.com,ctZVhJbQyvSw
0014847434,7329 Westend Avenue,Apt 1338,Port-Gentil,,GA,,544-366-8360,Hyacinthie Dumke,hdumked0@is.gd,Ba1NYiy6
8489792372,67 Corry Crossing,PO Box 41838,Maslog,,PH,6820,149-683-5106,Delinda Laycock,dlaycockd1@xrea.com,968y81
4621297740,3 Anniversary Center,Apt 269,Albany,New York,US,12210,518-870-0366,Andee Stevenson,astevensond2@sun.com,939nGCve
4818139602,22907 Monica Place,Suite 17,Yuxi,,CN,,590-861-6748,Rudyard Daniello,rdaniellod3@nbcnews.com,SN7mcZ5S1fK
6262529853,5 Michigan Place,Apt 1244,Bromma,Stockholm,SE,168 00,123-836-7545,Sapphira Apfel,sapfeld4@un.org,7Mx625mx
7258518762,6934 Maryland Hill,Room 1229,Buynaksk,,RU,368222,368-979-3408,Greer Digger,gdiggerd5@globo.com,MBaMzOT973k
4652744137,1652 Straubel Center,Suite 62,Topol’noye,,RU,627750,600-228-2028,Vernon Killwick,vkillwickd6@ehow.com,PTuEcuvs1
1157210708,9925 Straubel Plaza,19th Floor,Lahat,,ID,,562-924-3804,Herta Tremble,htrembled7@tripadvisor.com,SvnQ0J1
2254761463,28 Atwood Alley,Suite 39,Iquique,,CL,,714-447-8949,Gabrila Johananoff,gjohananoffd8@merriam-webster.com,N1ufhZnG1Uj
7793019857,0027 Mallory Drive,1st Floor,Rosario,,AR,4187,612-619-8085,Roscoe Unwins,runwinsd9@ftc.gov,Xabhey
8726818469,1405 Prairieview Hill,Apt 320,Visaginas,,LT,31007,832-120-5540,Della Mougeot,dmougeotda@adobe.com,xdC9J7cGvFn
2607846153,44 Farragut Street,Apt 1820,Benito Juarez,Sonora,MX,84015,286-228-1164,Maxie Ringe,mringedb@europa.eu,NTZCHH
1046188291,48 Mockingbird Terrace,Apt 1482,Tân Sơn,,VN,,118-160-2915,Cyndie Irvin,cirvindc@printfriendly.com,9lAHHC9i
6316145241,5 Buell Hill,Suite 92,Dengok,,ID,,573-544-1376,Kellie Canwell,kcanwelldd@scientificamerican.com,jJS6x7FCRc
3525068042,982 Starling Point,Room 1428,Jinjiang,,CN,,586-898-7176,Cris Yarrell,cyarrellde@whitehouse.gov,fgOlWqyBV
6864591778,31532 Fulton Trail,Room 147,Nizhniy Lomov,,RU,442153,331-429-4298,Scot Glendinning,sglendinningdf@jiathis.com,Jgyg4WOGGBU
8878418692,43251 Fieldstone Trail,7th Floor,Birendranagar,,NP,,157-879-9053,Erastus Clench,eclenchdg@usnews.com,tmqGs6Gr7Nl
1522952608,9115 Monument Crossing,Apt 161,Serravalle,,SM,47899,518-708-6219,Stephi Silliman,ssillimandh@census.gov,BqkewPTl
7338684332,145 Caliangt Junction,Apt 1469,Shulan,,CN,,990-105-0326,Friedrich Amsberger,famsbergerdi@ft.com,IpoH8ZsXA
1618151908,98694 Oneill Parkway,Suite 2,Lesnoye,,RU,238703,956-390-2574,Patty Bloxland,pbloxlanddj@abc.net.au,ksCVCf5
7812157660,52 Acker Street,14th Floor,Zhusha,,CN,,919-549-8042,Wendell Wisher,wwisherdk@wiley.com,nvrUsZIWXr
1567910505,28115 Beilfuss Court,Suite 37,Omsukchan,,RU,686416,787-366-7503,Mason Brill,mbrilldl@cocolog-nifty.com,Du1bCK
2340354455,204 Buena Vista Place,Apt 1025,Mpongwe,,ZM,,806-347-0307,Marissa Breton,mbretondm@g.co,10HUFKOi
3413240722,40146 Grover Court,PO Box 86947,Martin,,HR,31500,218-245-3610,Ansley Colerick,acolerickdn@wired.com,3oCjtvMeVT7
3555052071,663 Annamark Crossing,Suite 63,Brylivka,,UA,,850-623-5731,Mariette Dickson,mdicksondo@webeden.co.uk,GkxUFE
4966477336,0046 Cordelia Point,Suite 14,Pa Kham,,TH,30170,778-621-6887,Aurel Battram,abattramdp@geocities.com,UG6hgh9dwHR
3251740083,73482 Pennsylvania Way,8th Floor,Donegal,,IE,A85,995-236-0856,Jenilee Fallawe,jfallawedq@oaic.gov.au,Xuyzno9EQD
6887502860,0 Artisan Circle,Apt 1143,Cantao-an,,PH,9023,471-691-7308,Rochester Vardy,rvardydr@usatoday.com,mHwIFYc6FRI7
2629570185,013 Cambridge Hill,Apt 1544,Hongsi,,CN,,782-723-9896,Marleah Beckinsale,mbeckinsaleds@jiathis.com,zhq1HWKRJ
2777373434,898 Russell Road,Room 1592,Dzwola,,PL,23-304,108-442-2981,Hilda Olliar,holliardt@earthlink.net,4UBTF67
8340707590,58 Ruskin Crossing,Room 277,Kuishan,,CN,,476-554-5803,Toby Truss,ttrussdu@narod.ru,8kuc7740Rcs5
0588566268,24 Basil Plaza,PO Box 40299,Colmar,Alsace,FR,68004 CEDEX,982-181-2824,Gustie Skune,gskunedv@columbia.edu,zBIbFs
